{"cameraMode":{"drawMode":0,"name":"Shaded","section":"Shading Mode"},"sceneLighting":false,"audioPlay":false,"sceneViewState":{"m_AlwaysRefresh":false,"showFog":true,"showSkybox":false,"showFlares":true,"showImageEffects":true,"showParticleSystems":true,"showVisualEffectGraphs":true,"m_FxEnabled":false},"in2DMode":false,"pivot":{"x":0.0412522554397583,"y":-0.20375466346740724,"z":0.05134141445159912},"rotation":{"x":-0.10250576585531235,"y":-0.4751989543437958,"z":0.05585115775465965,"w":-0.8721086382865906},"size":2.562717914581299,"orthographic":true}