{"cameraMode":{"drawMode":0,"name":"Shaded","section":"Shading Mode"},"sceneLighting":false,"audioPlay":false,"sceneViewState":{"m_AlwaysRefresh":false,"showFog":true,"showSkybox":false,"showFlares":true,"showImageEffects":true,"showParticleSystems":true,"showVisualEffectGraphs":true,"m_FxEnabled":false},"in2DMode":false,"pivot":{"x":0.017962753772735597,"y":-0.9193408489227295,"z":0.0503043532371521},"rotation":{"x":-0.019487397745251657,"y":0.03448610380291939,"z":0.0006721528479829431,"w":0.9992199540138245},"size":4.9836578369140629,"orthographic":true}