{"cameraMode":{"drawMode":0,"name":"Shaded","section":"Shading Mode"},"sceneLighting":false,"audioPlay":false,"sceneViewState":{"m_AlwaysRefresh":false,"showFog":true,"showSkybox":false,"showFlares":true,"showImageEffects":true,"showParticleSystems":true,"showVisualEffectGraphs":true,"m_FxEnabled":false},"in2DMode":false,"pivot":{"x":1.60146963596344,"y":-0.40693730115890505,"z":21.13408088684082},"rotation":{"x":0.03597228601574898,"y":0.03328786790370941,"z":-0.0012196657480672002,"w":0.998807430267334},"size":1.9169470071792603,"orthographic":true}