{"cameraMode":{"drawMode":0,"name":"Shaded","section":"Shading Mode"},"sceneLighting":false,"audioPlay":false,"sceneViewState":{"m_AlwaysRefresh":false,"showFog":true,"showSkybox":false,"showFlares":true,"showImageEffects":true,"showParticleSystems":true,"showVisualEffectGraphs":true,"m_FxEnabled":false},"in2DMode":false,"pivot":{"x":0.06072030961513519,"y":0.11525428295135498,"z":-0.06774172186851502},"rotation":{"x":0.20147299766540528,"y":0.10263361781835556,"z":-0.02123314142227173,"w":0.9738755226135254},"size":0.39963918924331667,"orthographic":true}