{"cameraMode":{"drawMode":0,"name":"Shaded","section":"Shading Mode"},"sceneLighting":false,"audioPlay":false,"sceneViewState":{"m_AlwaysRefresh":false,"showFog":true,"showSkybox":false,"showFlares":true,"showImageEffects":true,"showParticleSystems":true,"showVisualEffectGraphs":true,"m_FxEnabled":false},"in2DMode":false,"pivot":{"x":-0.034957170486450198,"y":-0.0020586252212524416,"z":-0.021647334098815919},"rotation":{"x":-0.10250576585531235,"y":-0.4751989543437958,"z":0.05585115775465965,"w":-0.8721086382865906},"size":1.9802693128585816,"orthographic":true}