{"cameraMode":{"drawMode":0,"name":"Shaded","section":"Shading Mode"},"sceneLighting":false,"audioPlay":false,"sceneViewState":{"m_AlwaysRefresh":false,"showFog":true,"showSkybox":false,"showFlares":true,"showImageEffects":true,"showParticleSystems":true,"showVisualEffectGraphs":true,"m_FxEnabled":false},"in2DMode":false,"pivot":{"x":-0.004150360822677612,"y":-0.03940856456756592,"z":0.0043534934520721439},"rotation":{"x":0.10547611862421036,"y":0.1234748363494873,"z":-0.01319960504770279,"w":0.9866398572921753},"size":0.6641759872436523,"orthographic":true}