{"cameraMode":{"drawMode":0,"name":"Shaded","section":"Shading Mode"},"sceneLighting":false,"audioPlay":false,"sceneViewState":{"m_AlwaysRefresh":false,"showFog":true,"showSkybox":false,"showFlares":true,"showImageEffects":true,"showParticleSystems":true,"showVisualEffectGraphs":true,"m_FxEnabled":false},"in2DMode":false,"pivot":{"x":0.07603831589221955,"y":0.1952936202287674,"z":-0.06643268465995789},"rotation":{"x":0.20147299766540528,"y":0.10263361781835556,"z":-0.02123314142227173,"w":0.9738755226135254},"size":0.62594074010849,"orthographic":true}