{"cameraMode":{"drawMode":0,"name":"Shaded","section":"Shading Mode"},"sceneLighting":false,"audioPlay":false,"sceneViewState":{"m_AlwaysRefresh":false,"showFog":true,"showSkybox":false,"showFlares":true,"showImageEffects":true,"showParticleSystems":true,"showVisualEffectGraphs":true,"m_FxEnabled":false},"in2DMode":false,"pivot":{"x":0.09106165170669556,"y":-0.5785021781921387,"z":0.0898209810256958},"rotation":{"x":0.2638104557991028,"y":-0.014468846842646599,"z":0.003957060631364584,"w":0.9644630551338196},"size":4.765811920166016,"orthographic":true}